name,hcpc_order,BAR,check
Raziel_a1_Landrace,1,Landrace,Raziel_a1_Landrace
Star_a1_Landrace,2,Landrace,Star_a1_Landrace
Colombia_a1_Landrace,3,Landrace,Colombia_a1_Landrace
Panama_a1_Landrace,4,Landrace,Panama_a1_Landrace
Camael_1_a1_Landrace,5,Landrace,Camael_1_a1_Landrace
PN_Columbia_Pelo_Naranja_a1_Landrace,6,Landrace,PN_Columbia_Pelo_Naranja_a1_Landrace
Hael_2_a1_Landrace,7,Landrace,Hael_2_a1_Landrace
Mangobiche_Colombia_a1_Landrace,8,Landrace,Mangobiche_Colombia_a1_Landrace
Colombia_b1_Landrace,9,Landrace,Colombia_b1_Landrace
Afghanistan_Kyber_Pass_a1_Landrace,10,Landrace,Afghanistan_Kyber_Pass_a1_Landrace
Colombian_20s_a1_Landrace,11,Landrace,Colombian_20s_a1_Landrace
Mangobiche_Colombia_b1_Landrace,12,Landrace,Mangobiche_Colombia_b1_Landrace
Kenya_Kisumu_a1_Landrace,13,Landrace,Kenya_Kisumu_a1_Landrace
Laos_a1_Landrace,14,Landrace,Laos_a1_Landrace
Namibian_Landrace_a1_Landrace,15,Landrace,Namibian_Landrace_a1_Landrace
Thai_a1_Landrace,16,Landrace,Thai_a1_Landrace
Pigmy_PotCongo_Pointe_Noire_a1_Landrace,17,Landrace,Pigmy_PotCongo_Pointe_Noire_a1_Landrace
Cambodia_a1_Landrace,18,Landrace,Cambodia_a1_Landrace
Sariel_a1_Landrace,19,Landrace,Sariel_a1_Landrace
Thailand_d1_Landrace,20,Landrace,Thailand_d1_Landrace
Tanzanian_B_a1_Landrace,21,Landrace,Tanzanian_B_a1_Landrace
Glacier_Goo_a1_Landrace,22,Landrace,Glacier_Goo_a1_Landrace
LINE_43_178_Romania_a1_Landrace,23,Landrace,LINE_43_178_Romania_a1_Landrace
Malawi_b1_Landrace,24,Landrace,Malawi_b1_Landrace
India_a1_Landrace,25,Landrace,India_a1_Landrace
Isaan_Thailand_a1_Landrace,26,Landrace,Isaan_Thailand_a1_Landrace
Kazakhstan_f1_Landrace,27,Landrace,Kazakhstan_f1_Landrace
Tanzanian_A_a1_Landrace,28,Landrace,Tanzanian_A_a1_Landrace
Sumatra_Tuk_Tuk_a1_Landrace,29,Landrace,Sumatra_Tuk_Tuk_a1_Landrace
Zambia_a1_Landrace,30,Landrace,Zambia_a1_Landrace
Zambia_b1_Landrace,31,Landrace,Zambia_b1_Landrace
India_b1_Landrace,32,Landrace,India_b1_Landrace
Bolonska_Yugoslavia_a1_Landrace,33,Landrace,Bolonska_Yugoslavia_a1_Landrace
Ghana_a1_Landrace,34,Landrace,Ghana_a1_Landrace
Nicaragua_4_a1_Landrace,35,Landrace,Nicaragua_4_a1_Landrace
Papua_New_Guinea_b1_Landrace,36,Landrace,Papua_New_Guinea_b1_Landrace
9_mile_a1_Landrace,37,Landrace,9_mile_a1_Landrace
Papua_New_Guinea_a1_Landrace,38,Landrace,Papua_New_Guinea_a1_Landrace
Paraguay_2_a1_Unknown,39,Unknown,Paraguay_2_a1_Unknown
New_Caledonia_a1_Landrace,40,Landrace,New_Caledonia_a1_Landrace
Paraguay_3_1996_a1_Unknown,41,Unknown,Paraguay_3_1996_a1_Unknown
Jamaican_Lambsbread_60_70_a1_Landrace,42,Landrace,Jamaican_Lambsbread_60_70_a1_Landrace
Nigeria_a1_Unknown,43,Unknown,Nigeria_a1_Unknown
India_d1_Landrace,44,Landrace,India_d1_Landrace
Portuguese_Hemp_a1_Landrace,45,Landrace,Portuguese_Hemp_a1_Landrace
Hokkaido_Japan_a1_Landrace,46,Landrace,Hokkaido_Japan_a1_Landrace
Kazakhstan_a1_Landrace,47,Landrace,Kazakhstan_a1_Landrace
Unknown_1_a1_Landrace,48,Landrace,Unknown_1_a1_Landrace
Nepali_a1_Landrace,49,Landrace,Nepali_a1_Landrace
Malanje_Local_90s_Liamba_Angola_a1_Unknown,50,Unknown,Malanje_Local_90s_Liamba_Angola_a1_Unknown
Watkins_a1_Landrace,51,Landrace,Watkins_a1_Landrace
Kazakhstan_c1_Landrace,52,Landrace,Kazakhstan_c1_Landrace
Nepal_c1_Landrace,53,Landrace,Nepal_c1_Landrace
Kashmir_b1_Unknown,54,Unknown,Kashmir_b1_Unknown
Nepal_2010_a1_Landrace,55,Landrace,Nepal_2010_a1_Landrace
Unknown_2_a1_Landrace,56,Landrace,Unknown_2_a1_Landrace
Hmong_Thailand_a1_Landrace,57,Landrace,Hmong_Thailand_a1_Landrace
Nepal_b1_Unknown,58,Unknown,Nepal_b1_Unknown
Papua_New_Guinea_c1_Landrace,59,Landrace,Papua_New_Guinea_c1_Landrace
Nepal_Pahari_a1_Landrace,60,Landrace,Nepal_Pahari_a1_Landrace
Markant_Hemp_a1_Landrace,61,Landrace,Markant_Hemp_a1_Landrace
Mestnayal_Bulgaria_a1_Landrace,62,Landrace,Mestnayal_Bulgaria_a1_Landrace
Hybrid_Krasnodarskii_10_FB_Russia_a1_Landrace,63,Landrace,Hybrid_Krasnodarskii_10_FB_Russia_a1_Landrace
Kazakhstan_h1_Landrace,64,Landrace,Kazakhstan_h1_Landrace
Rooster_a1_Hemp,65,Hemp,Rooster_a1_Hemp
Thailand_c1_Unknown,66,Unknown,Thailand_c1_Unknown
Colombia_Sabanira_a1_Landrace,67,Landrace,Colombia_Sabanira_a1_Landrace
Morocco_a1_Type I,68,Type I,Morocco_a1_Type I
Fertodi_Hungary_a1_Landrace,69,Landrace,Fertodi_Hungary_a1_Landrace
Angola_Fem_2004_a1_Landrace,70,Landrace,Angola_Fem_2004_a1_Landrace
Malawi_c1_Landrace,71,Landrace,Malawi_c1_Landrace
Black_Trinity_e1_Hemp,72,Hemp,Black_Trinity_e1_Hemp
Iowa_Feral_Hemp_a1_Landrace,73,Landrace,Iowa_Feral_Hemp_a1_Landrace
Brazil_Pernambuco_a1_Landrace,74,Landrace,Brazil_Pernambuco_a1_Landrace
Ivory_Hemp_a1_Landrace,75,Landrace,Ivory_Hemp_a1_Landrace
Mestnayal_Ukraine_a1_Landrace,76,Landrace,Mestnayal_Ukraine_a1_Landrace
Fertodi_Hungary_b1_Landrace,77,Landrace,Fertodi_Hungary_b1_Landrace
Kazakhstan_g1_Landrace,78,Landrace,Kazakhstan_g1_Landrace
Kazakhstan_b1_Landrace,79,Landrace,Kazakhstan_b1_Landrace
Romanian_Hemp_a1_Landrace,80,Landrace,Romanian_Hemp_a1_Landrace
Finola_b1_Landrace,81,Landrace,Finola_b1_Landrace
Polish_Hemp_a1_Landrace,82,Landrace,Polish_Hemp_a1_Landrace
Finola_a1_Landrace,83,Landrace,Finola_a1_Landrace
Finola_c1_Landrace,84,Landrace,Finola_c1_Landrace
Kazakhstan_e1_Landrace,85,Landrace,Kazakhstan_e1_Landrace
Changxin_Dao_a1_Landrace,86,Landrace,Changxin_Dao_a1_Landrace
Menthel_Bubble_Gum_a1_Hemp,87,Hemp,Menthel_Bubble_Gum_a1_Hemp
Kazakhstan_d1_Unknown,88,Unknown,Kazakhstan_d1_Unknown
Flo_a1_Hemp,89,Hemp,Flo_a1_Hemp
Afgooey_a1_Hemp,90,Hemp,Afgooey_a1_Hemp
Lavender_b1_Hemp,91,Hemp,Lavender_b1_Hemp
Senegal_a1_Landrace,92,Landrace,Senegal_a1_Landrace
Dark_Desire_a1_Hemp,93,Hemp,Dark_Desire_a1_Hemp
Flo_b1_Hemp,94,Hemp,Flo_b1_Hemp
Jah_Goo_a1_Hemp,95,Hemp,Jah_Goo_a1_Hemp
Vintners_Moonshine_a1_Type I,96,Type I,Vintners_Moonshine_a1_Type I
Tian_Shui_Giansu_China_a1_Landrace,97,Landrace,Tian_Shui_Giansu_China_a1_Landrace
Jamaican_a1_Landrace,98,Landrace,Jamaican_a1_Landrace
Royal_Phoenix_a1_Type I,99,Type I,Royal_Phoenix_a1_Type I
Pakistan_c1_Landrace,100,Landrace,Pakistan_c1_Landrace
Yarkhun_WS_a1_Landrace,101,Landrace,Yarkhun_WS_a1_Landrace
Pakistan_a1_Landrace,102,Landrace,Pakistan_a1_Landrace
Crystal_Goddess_a1_Hemp,103,Hemp,Crystal_Goddess_a1_Hemp
Northern_Cali_Gooey_a1_Hemp,104,Hemp,Northern_Cali_Gooey_a1_Hemp
Afghoo_a1_Hemp,105,Hemp,Afghoo_a1_Hemp
Afgoo_c1_Hemp,106,Hemp,Afgoo_c1_Hemp
Afgoo_b1_Hemp,107,Hemp,Afgoo_b1_Hemp
Afgoo_d1_Hemp,108,Hemp,Afgoo_d1_Hemp
Super_Skunk_a1_Hemp,109,Hemp,Super_Skunk_a1_Hemp
Thailand_a1_Landrace,110,Landrace,Thailand_a1_Landrace
Kandy_Kush_a1_Landrace,111,Landrace,Kandy_Kush_a1_Landrace
Sour_Kush_b1_Landrace,112,Landrace,Sour_Kush_b1_Landrace
Afghani_1_x_Skunk_1_a1_Type I,113,Type I,Afghani_1_x_Skunk_1_a1_Type I
Oaxaca_79_a1_Type I,114,Type I,Oaxaca_79_a1_Type I
Berry_White_b1_Hemp,115,Hemp,Berry_White_b1_Hemp
Berry_White_a1_Hemp,116,Hemp,Berry_White_a1_Hemp
Trainwreck_c1_Hemp,117,Hemp,Trainwreck_c1_Hemp
Yulong_a1_Landrace,118,Landrace,Yulong_a1_Landrace
Trainwreck_a1_Hemp,119,Hemp,Trainwreck_a1_Hemp
Trainwreck_b1_Hemp,120,Hemp,Trainwreck_b1_Hemp
South_Africa_a1_Landrace,121,Landrace,South_Africa_a1_Landrace
Ethiopian_4_a1_Landrace,122,Landrace,Ethiopian_4_a1_Landrace
Purple_Pineapple_Afghani_a1_Hemp,123,Hemp,Purple_Pineapple_Afghani_a1_Hemp
India_c1_Landrace,124,Landrace,India_c1_Landrace
German_Hemp_a1_Landrace,125,Landrace,German_Hemp_a1_Landrace
Vietnam_Delat_a1_Type I,126,Type I,Vietnam_Delat_a1_Type I
Mexico_Oaxaca_79_S1_a1_Landrace,127,Landrace,Mexico_Oaxaca_79_S1_a1_Landrace
Nicaragua_a1_Landrace,128,Landrace,Nicaragua_a1_Landrace
Sumatra_a1_Unknown,129,Unknown,Sumatra_a1_Unknown
Chiang_Mai_Thailand_a1_Unknown,130,Unknown,Chiang_Mai_Thailand_a1_Unknown
Mexico_Oaxaca_a1_Landrace,131,Landrace,Mexico_Oaxaca_a1_Landrace
Ethiopian_1_a1_Landrace,132,Landrace,Ethiopian_1_a1_Landrace
India_Vidaypur_a1_Unknown,133,Unknown,India_Vidaypur_a1_Unknown
AC_DC_x_finals_a1_Type III,134,Type III,AC_DC_x_finals_a1_Type III
23_a1_Type III,135,Type III,23_a1_Type III
HarleTsu_a1_Type III,136,Type III,HarleTsu_a1_Type III
El_Nino_a1_Landrace,137,Landrace,El_Nino_a1_Landrace
Colombia_Taganga_a1_Landrace,138,Landrace,Colombia_Taganga_a1_Landrace
Malawi_a1_Landrace,139,Landrace,Malawi_a1_Landrace
Remedy_29_192_a1_Type III,140,Type III,Remedy_29_192_a1_Type III
Harlequin_d1_Type III,141,Type III,Harlequin_d1_Type III
Harlequin_a1_Type III,142,Type III,Harlequin_a1_Type III
Harlequin_e1_Type III,143,Type III,Harlequin_e1_Type III
Harlequinn_1_a1_Type III,144,Type III,Harlequinn_1_a1_Type III
Harlequin_f1_Type III,145,Type III,Harlequin_f1_Type III
Harliquen_g1_Type III,146,Type III,Harliquen_g1_Type III
Harlequin_b1_Type III,147,Type III,Harlequin_b1_Type III
Harliquinn_h1_Type III,148,Type III,Harliquinn_h1_Type III
Swiss_Gold_a1_Type I,149,Type I,Swiss_Gold_a1_Type I
Harlee_TSU_a1_Hemp,150,Hemp,Harlee_TSU_a1_Hemp
Strawberry_b1_Type I,151,Type I,Strawberry_b1_Type I
White_Widow_1.1_a1_Landrace,152,Landrace,White_Widow_1.1_a1_Landrace
White_Widow_b1_Landrace,153,Landrace,White_Widow_b1_Landrace
C3_a1_Type I,154,Type I,C3_a1_Type I
Northern_Lights_x_L5_Haze_a1_Type I,155,Type I,Northern_Lights_x_L5_Haze_a1_Type I
Pakistan_Valley_Kush_a1_Hemp,156,Hemp,Pakistan_Valley_Kush_a1_Hemp
Honduras_a1_Unknown,157,Unknown,Honduras_a1_Unknown
Yugoslavia_a1_Landrace,158,Landrace,Yugoslavia_a1_Landrace
Odnodomnaya_Poland_a1_Landrace,159,Landrace,Odnodomnaya_Poland_a1_Landrace
Tian_Shui_Giansu_China_b1_Landrace,160,Landrace,Tian_Shui_Giansu_China_b1_Landrace
PurPur_TI_a1_Hemp,161,Hemp,PurPur_TI_a1_Hemp
Presidential_Kush_1_a1_Type I,162,Type I,Presidential_Kush_1_a1_Type I
Kashmir_a1_Unknown,163,Unknown,Kashmir_a1_Unknown
Sweet_Island_Skunk_a1_Hemp,164,Hemp,Sweet_Island_Skunk_a1_Hemp
Laspur_Gold_Pakistan_a1_Landrace,165,Landrace,Laspur_Gold_Pakistan_a1_Landrace
Yarkhun_E_a1_Unknown,166,Unknown,Yarkhun_E_a1_Unknown
Mexican_a1_Landrace,167,Landrace,Mexican_a1_Landrace
Afghan_a1_Hemp,168,Hemp,Afghan_a1_Hemp
Thailand_b1_Landrace,169,Landrace,Thailand_b1_Landrace
Denmark_a1_Type I,170,Type I,Denmark_a1_Type I
Blotter_e1_Hemp,171,Hemp,Blotter_e1_Hemp
PPA_a1_Unknown,172,Unknown,PPA_a1_Unknown
Hawaiian_Dutch_a1_Hemp,173,Hemp,Hawaiian_Dutch_a1_Hemp
Highland_Oaxacan_a1_Type I,174,Type I,Highland_Oaxacan_a1_Type I
NYC_Diesel_06_a1_Hemp,175,Hemp,NYC_Diesel_06_a1_Hemp
Yunnan_China_a1_Unknown,176,Unknown,Yunnan_China_a1_Unknown
Durban_Poison_c1_Unknown,177,Unknown,Durban_Poison_c1_Unknown
Durban_Poison_a1_Type I,178,Type I,Durban_Poison_a1_Type I
India_Khandwa_a1_Landrace,179,Landrace,India_Khandwa_a1_Landrace
Cotton_Candy_a1_Hemp,180,Hemp,Cotton_Candy_a1_Hemp
Durban_Poison_g1_Hemp,181,Hemp,Durban_Poison_g1_Hemp
Pakistan_b1_Landrace,182,Landrace,Pakistan_b1_Landrace
Laughing_Buddha_a1_Landrace,183,Landrace,Laughing_Buddha_a1_Landrace
Mexico_Verde_Limon_a1_Hemp,184,Hemp,Mexico_Verde_Limon_a1_Hemp
Mango_Zamal_a1_Landrace,185,Landrace,Mango_Zamal_a1_Landrace
Tangerine_b1_Hemp,186,Hemp,Tangerine_b1_Hemp
Tangerine_a1_Hemp,187,Hemp,Tangerine_a1_Hemp
Swaziland_great_a1_Landrace,188,Landrace,Swaziland_great_a1_Landrace
Black_Widow_1_a1_Type I,189,Type I,Black_Widow_1_a1_Type I
Stella_Blues_x_Wako_Haze_a1_Hemp,190,Hemp,Stella_Blues_x_Wako_Haze_a1_Hemp
Black_Trinity_b1_Hemp,191,Hemp,Black_Trinity_b1_Hemp
Kali_21_China_a1_Type I,192,Type I,Kali_21_China_a1_Type I
Schrom_a1_Unknown,193,Unknown,Schrom_a1_Unknown
Cookies_a1_Unknown,194,Unknown,Cookies_a1_Unknown
Cannatonic_g1_Type III,195,Type III,Cannatonic_g1_Type III
Cannatonic_f1_Type III,196,Type III,Cannatonic_f1_Type III
A_Charlots_Web_a1_Type III,197,Type III,A_Charlots_Web_a1_Type III
Cannatonic_x_AC_DC_a1_Type III,198,Type III,Cannatonic_x_AC_DC_a1_Type III
AC_DC_a1_Type III,199,Type III,AC_DC_a1_Type III
AC_DC_g1_Type III,200,Type III,AC_DC_g1_Type III
AC_DC_h1_Type III,201,Type III,AC_DC_h1_Type III
AC_DC_b1_Type III,202,Type III,AC_DC_b1_Type III
AC_DC_e1_Unknown,203,Unknown,AC_DC_e1_Unknown
S.T.U_ACDC_a1_Type III,204,Type III,S.T.U_ACDC_a1_Type III
AC_DC_i1_Type III,205,Type III,AC_DC_i1_Type III
Odyssey_a1_Type III,206,Type III,Odyssey_a1_Type III
S.P._ACDC_a1_Type III,207,Type III,S.P._ACDC_a1_Type III
YMCA_3_a1_Type III,208,Type III,YMCA_3_a1_Type III
Sour_Tsunami_b1_Type III,209,Type III,Sour_Tsunami_b1_Type III
AC_DC_j1_Type III,210,Type III,AC_DC_j1_Type III
AC_DC_f1_Type III,211,Type III,AC_DC_f1_Type III
Mandarin_Sunset_b1_Type I,212,Type I,Mandarin_Sunset_b1_Type I
Oregon_Pinot_Noir_a1_Hemp,213,Hemp,Oregon_Pinot_Noir_a1_Hemp
Richard_VI_a1_Hemp,214,Hemp,Richard_VI_a1_Hemp
South_Sound_Tonic_a1_Type I,215,Type I,South_Sound_Tonic_a1_Type I
5_Pheno_c1_Type I,216,Type I,5_Pheno_c1_Type I
Banana_OG_a1_Type I,217,Type I,Banana_OG_a1_Type I
Chernobyl_b1_Type I,218,Type I,Chernobyl_b1_Type I
Chernobyl_d1_Type I,219,Type I,Chernobyl_d1_Type I
Chernobyl_a1_Type I,220,Type I,Chernobyl_a1_Type I
Pineapple_a1_Type I,221,Type I,Pineapple_a1_Type I
Ice_Queen_a1_Type I,222,Type I,Ice_Queen_a1_Type I
Golden_Pineapple_a1_Type I,223,Type I,Golden_Pineapple_a1_Type I
Chernobyl_c1_Type I,224,Type I,Chernobyl_c1_Type I
Chocolate_Chunk_a1_Hemp,225,Hemp,Chocolate_Chunk_a1_Hemp
R4_a1_Type I,226,Type I,R4_a1_Type I
Haleighs_Hope_a1_Type I,227,Type I,Haleighs_Hope_a1_Type I
Charlottes_Web_a1_Type I,228,Type I,Charlottes_Web_a1_Type I
Chocolope_b1_Type I,229,Type I,Chocolope_b1_Type I
4_Corners_x_Harliquinn_a1_Type I,230,Type II,4_Corners_x_Harliquinn_a1_Type II
Moonshot_a1_Type I,231,Type I,Moonshot_a1_Type I
White_Siberian_a1_Type I,232,Type I,White_Siberian_a1_Type I
Chunky_Skunk_a1_Type I,233,Type I,Chunky_Skunk_a1_Type I
Atomic_Northern_Lights_a1_Type I,234,Type I,Atomic_Northern_Lights_a1_Type I
NLM_a1_Landrace,235,Landrace,NLM_a1_Landrace
Court_Collars_Cough_a1_Landrace,236,Landrace,Court_Collars_Cough_a1_Landrace
Grape_God_A_a1_Landrace,237,Landrace,Grape_God_A_a1_Landrace
Taint_a1_Type I,238,Type I,Taint_a1_Type I
Harlequin_c1_Type I,239,Type I,Harlequin_c1_Type I
CannaTSU_b1_Type III,240,Type II,CannaTSU_b1_Type II
Canna_TSU_a1_Type III,241,Type II,Canna_TSU_a1_Type II
5_Pheno_Afghan_Dom_a1_Type I,242,Type I,5_Pheno_Afghan_Dom_a1_Type I
Orange_Crush_a1_Type I,243,Type I,Orange_Crush_a1_Type I
White_Russian_a1_Type I,244,Type I,White_Russian_a1_Type I
Strawberry_Rhino_a1_Hemp,245,Hemp,Strawberry_Rhino_a1_Hemp
Pineapplee_Kush_a1_Hemp,246,Hemp,Pineapplee_Kush_a1_Hemp
Lavendar_a1_Hemp,247,Hemp,Lavendar_a1_Hemp
Kush_b1_Hemp,248,Hemp,Kush_b1_Hemp
Blue_Light_Special_a1_Hemp,249,Hemp,Blue_Light_Special_a1_Hemp
Blackberry_Pie_a1_Unknown,250,Unknown,Blackberry_Pie_a1_Unknown
Snow_Leopard_a1_Hemp,251,Hemp,Snow_Leopard_a1_Hemp
Purple_Arrow_a1_Hemp,252,Hemp,Purple_Arrow_a1_Hemp
Land_of_Smiles_a1_Hemp,253,Hemp,Land_of_Smiles_a1_Hemp
RS2_a1_Hemp,254,Hemp,RS2_a1_Hemp
Jack_Herer_a1_Type I,255,Type I,Jack_Herer_a1_Type I
Sugar_Berries_a1_Hemp,256,Hemp,Sugar_Berries_a1_Hemp
Blue_ali_a1_Hemp,257,Hemp,Blue_ali_a1_Hemp
Toto_a1_Landrace,258,Landrace,Toto_a1_Landrace
Guatemala_Quetzalita_a1_Landrace,259,Landrace,Guatemala_Quetzalita_a1_Landrace
Nepal_a1_Landrace,260,Landrace,Nepal_a1_Landrace
Catatonic_a1_Type III,261,Type III,Catatonic_a1_Type III
Cannatonic_e1_Type III,262,Type III,Cannatonic_e1_Type III
Paraguay_1_a1_Landrace,263,Landrace,Paraguay_1_a1_Landrace
Gambia_a1_Landrace,264,Landrace,Gambia_a1_Landrace
Dog_shit_b1_Landrace,265,Landrace,Dog_shit_b1_Landrace
Dog_shit_a1_Landrace,266,Landrace,Dog_shit_a1_Landrace
Cannatonic_i1_Type III,267,Type III,Cannatonic_i1_Type III
Red_Congo_a1_Type I,268,Type I,Red_Congo_a1_Type I
Super_Silver_Haze_b1_Landrace,269,Landrace,Super_Silver_Haze_b1_Landrace
Hazy_Train_a1_Hemp,270,Hemp,Hazy_Train_a1_Hemp
Sweet_tooth_a1_Hemp,271,Hemp,Sweet_tooth_a1_Hemp
Hippie_Crippler_a1_Hemp,272,Hemp,Hippie_Crippler_a1_Hemp
Kalinga_Philippines_a1_Landrace,273,Landrace,Kalinga_Philippines_a1_Landrace
TJ_a1_Landrace,274,Landrace,TJ_a1_Landrace
Black_Betty_a1_Hemp,275,Hemp,Black_Betty_a1_Hemp
Ruby_a1_Type I,276,Type I,Ruby_a1_Type I
Lucy_a1_Type I,277,Type II,Lucy_a1_Type II
Cindarella_99_a1_Type I,278,Type I,Cindarella_99_a1_Type I
Old_Jack_a1_Type I,279,Type I,Old_Jack_a1_Type I
3rd_Dimension_a1_Type I,280,Type I,3rd_Dimension_a1_Type I
New_Jack_Herer_a1_Type I,281,Type I,New_Jack_Herer_a1_Type I
Acapulco_Gold_a1_Type I,282,Type I,Acapulco_Gold_a1_Type I
Strawberry_Diesel_a1_Type I,283,Type I,Strawberry_Diesel_a1_Type I
San_Diego_Cat_Piss_a1_Type I,284,Type I,San_Diego_Cat_Piss_a1_Type I
Purple_a1_Type I,285,Type I,Purple_a1_Type I
CBD_Shark_Shock_a1_Type III,286,Type II,CBD_Shark_Shock_a1_Type II
Baox_a1_Type I,287,Type I,Baox_a1_Type I
Jelly_Bean_a1_Type I,288,Type I,Jelly_Bean_a1_Type I
Head_Band_a1_Type I,289,Type I,Head_Band_a1_Type I
Agent_Orange_d1_Type I,290,Type I,Agent_Orange_d1_Type I
Fishers_CBD_a1_Type I,291,Type I,Fishers_CBD_a1_Type I
Super_Lemon_Haze_d1_Type I,292,Type I,Super_Lemon_Haze_d1_Type I
Lemon_Skunk_B_a1_Type I,293,Type I,Lemon_Skunk_B_a1_Type I
Northern_Thunder_a1_Type I,294,Type I,Northern_Thunder_a1_Type I
Cenarius_a1_Type III,295,Type III,Cenarius_a1_Type III
Kyle_Kushmans_Strawberry_Cough_a1_Type I,296,Type I,Kyle_Kushmans_Strawberry_Cough_a1_Type I
Mendo_Early_Girl_x_Headband_a1_Type I,297,Type I,Mendo_Early_Girl_x_Headband_a1_Type I
Chocolope_a1_Type I,298,Type I,Chocolope_a1_Type I
Sour_Bubble_Gum_a1_Hemp,299,Hemp,Sour_Bubble_Gum_a1_Hemp
Panama_Standard_a1_Landrace,300,Landrace,Panama_Standard_a1_Landrace
Skunk_Haze_a1_Type III,301,Type III,Skunk_Haze_a1_Type III
Remedy_a1_Type III,302,Type III,Remedy_a1_Type III
Remedy_b1_Type III,303,Type III,Remedy_b1_Type III
3_Pheno_b1_Type I,304,Type I,3_Pheno_b1_Type I
Canuvo_Shark_Shock_a1_Type III,305,Type III,Canuvo_Shark_Shock_a1_Type III
Mental_Floss_a1_Type I,306,Type I,Mental_Floss_a1_Type I
ST3_a1_Type III,307,Type III,ST3_a1_Type III
Cannatonic_h1_Type III,308,Type III,Cannatonic_h1_Type III
Sour_Tsunami_a1_Type III,309,Type III,Sour_Tsunami_a1_Type III
Cannatonic_b1_Type III,310,Type III,Cannatonic_b1_Type III
Cannatonic_a1_Type III,311,Type III,Cannatonic_a1_Type III
Chocolope_c1_Type I,312,Type I,Chocolope_c1_Type I
East_Coast_Sour_Diesel_A_a1_Type I,313,Type I,East_Coast_Sour_Diesel_A_a1_Type I
OG_Skunk_a1_Type I,314,Type I,OG_Skunk_a1_Type I
Sour_Kush_a1_Type I,315,Type I,Sour_Kush_a1_Type I
Romulan_a1_Hemp,316,Hemp,Romulan_a1_Hemp
Amnesia_b1_Unknown,317,Unknown,Amnesia_b1_Unknown
Agent_Orange_x_501OG_c1_Type I,318,Type I,Agent_Orange_x_501OG_c1_Type I
AC_DC_c1_Type I,319,Type I,AC_DC_c1_Type I
Medibud_a1_Type I,320,Type I,Medibud_a1_Type I
Blue_Dream_a1_Type I,321,Type I,Blue_Dream_a1_Type I
Lily2_a1_Hemp,322,Hemp,Lily2_a1_Hemp
Mandarin_Sunset_a1_Type I,323,Type I,Mandarin_Sunset_a1_Type I
Peach_Kush_a1_Unknown,324,Unknown,Peach_Kush_a1_Unknown
Sugar_Black_Rose_a1_Type I,325,Type I,Sugar_Black_Rose_a1_Type I
Pineapple_Thai_a1_Type I,326,Type I,Pineapple_Thai_a1_Type I
Durban_Orange_a1_Type I,327,Type I,Durban_Orange_a1_Type I
Pineapple_dogshit_a1_Type I,328,Type I,Pineapple_dogshit_a1_Type I
PEZ_a1_Type I,329,Type I,PEZ_a1_Type I
Ruby_Slipper_a1_Type I,330,Type II,Ruby_Slipper_a1_Type II
The_Helper_a1_Type I,331,Type I,The_Helper_a1_Type I
Ace_of_Spades_d1_Type I,332,Type I,Ace_of_Spades_d1_Type I
Dirty_Girl_a1_Type I,333,Type I,Dirty_Girl_a1_Type I
Sweet_Tooth_1_a1_Type I,334,Type I,Sweet_Tooth_1_a1_Type I
Blueberrd1_Type I,335,Type I,Blueberrd1_Type I
DJ_Shorts_Blueberry_a1_Unknown,336,Unknown,DJ_Shorts_Blueberry_a1_Unknown
Sweet_Island_Skunk_b1_Type I,337,Type I,Sweet_Island_Skunk_b1_Type I
Cheesequake_b1_Type I,338,Type I,Cheesequake_b1_Type I
Mex_a1_Type I,3.39E+02,Type I,Mex_a1_Type I
Romulan_x_Grapefruit_a1_Type I,340,Type I,Romulan_x_Grapefruit_a1_Type I
UDub_a1_Type I,341,Type I,UDub_a1_Type I
Kauai_Princess_a1_Type I,342,Type I,Kauai_Princess_a1_Type I
Blueberry_a1_Type I,343,Type I,Blueberry_a1_Type I
Skunk_1_b1_Type I,344,Type I,Skunk_1_b1_Type I
Skunk_1_a1_Type I,345,Type I,Skunk_1_a1_Type I
Dabney_Blue_a1_Type I,346,Type I,Dabney_Blue_a1_Type I
Lemon_Haze_a1_Type I,347,Type I,Lemon_Haze_a1_Type I
Cherry_Pie_a1_Type I,348,Type I,Cherry_Pie_a1_Type I
LA_Confidential_c1_Type I,349,Type I,LA_Confidential_c1_Type I
Agent_Orange_b1_Type I,350,Type I,Agent_Orange_b1_Type I
Bluebery_Kush_b1_Hemp,351,Hemp,Bluebery_Kush_b1_Hemp
Cheesequake_a1_Type I,352,Type I,Cheesequake_a1_Type I
Sour_Diesel_h1_Type I,353,Type I,Sour_Diesel_h1_Type I
Ace_of_Spades_b1_Type I,354,Type I,Ace_of_Spades_b1_Type I
VooDoo_Kush_a1_Type I,355,Type I,VooDoo_Kush_a1_Type I
Golden_Goat_a1_Type I,356,Type I,Golden_Goat_a1_Type I
Blue_Dream_d1_Type I,357,Type I,Blue_Dream_d1_Type I
Blue_Dream_e1_Type I,358,Type I,Blue_Dream_e1_Type I
Double_Dream_a1_Type I,359,Type I,Double_Dream_a1_Type I
Afghan_b1_Type I,360,Type I,Afghan_b1_Type I
Blue_Dream_f1_Type I,361,Type I,Blue_Dream_f1_Type I
Blue_dream_g1_Type I,362,Type I,Blue_dream_g1_Type I
Blue_Dream_i1_Type I,363,Type I,Blue_Dream_i1_Type I
Blue_Dream_c1_Type I,364,Type I,Blue_Dream_c1_Type I
Dutch_Treat_c1_Type I,365,Type I,Dutch_Treat_c1_Type I
Heisenberg_a1_Type I,366,Type I,Heisenberg_a1_Type I
Lambsbread_a1_Type I,367,Type I,Lambsbread_a1_Type I
Conspiracy_Kush_a1_Type I,368,Type I,Conspiracy_Kush_a1_Type I
Grape_Ape_c1_Type I,369,Type I,Grape_Ape_c1_Type I
Hemp_cultivar_NLH_a1_Hemp,370,Hemp,Hemp_cultivar_NLH_a1_Hemp
Marionberry_2_a1_Type I,371,Type I,Marionberry_2_a1_Type I
Blueberry_b1_Type I,372,Type I,Blueberry_b1_Type I
Purple_Diesel_a1_Hemp,373,Hemp,Purple_Diesel_a1_Hemp
Black_Haze_a1_Hemp,374,Hemp,Black_Haze_a1_Hemp
Triffid_a1_Hemp,375,Hemp,Triffid_a1_Hemp
Space_Candy_a1_Type I,376,Type I,Space_Candy_a1_Type I
Blueberry_Kush_a1_Type I,377,Type I,Blueberry_Kush_a1_Type I
Blueberry_c1_Type I,378,Type I,Blueberry_c1_Type I
Lily4_a1_Type I,379,Type I,Lily4_a1_Type I
Medicine_Women_a1_Type I,380,Type I,Medicine_Women_a1_Type I
God_Bud_b1_Hemp,381,Hemp,God_Bud_b1_Hemp
Crunchberry_a1_Hemp,382,Hemp,Crunchberry_a1_Hemp
White_Widow_c1_Type I,383,Type I,White_Widow_c1_Type I
Hawaiian_b1_Type I,384,Type I,Hawaiian_b1_Type I
Williams_Wonder_a1_Hemp,385,Hemp,Williams_Wonder_a1_Hemp
Vortex_a1_Type I,386,Type I,Vortex_a1_Type I
Violet_Delight_a1_Hemp,387,Hemp,Violet_Delight_a1_Hemp
Perseus_Indy_99_a1_Hemp,388,Hemp,Perseus_Indy_99_a1_Hemp
Plushberry_a1_Type I,389,Type I,Plushberry_a1_Type I
Maui_Wowie_a1_Hemp,390,Hemp,Maui_Wowie_a1_Hemp
Northshore_Maui_a1_Hemp,391,Hemp,Northshore_Maui_a1_Hemp
Matanuska_Thunder_Fuck_a1_Hemp,392,Hemp,Matanuska_Thunder_Fuck_a1_Hemp
Hawaiian_a1_Hemp,393,Hemp,Hawaiian_a1_Hemp
White_Rhino_a1_Hemp,394,Hemp,White_Rhino_a1_Hemp
Diablo_a1_Hemp,395,Hemp,Diablo_a1_Hemp
Tyra_Banks_Conspiracy_Kush_5_a1_Type I,396,Type I,Tyra_Banks_Conspiracy_Kush_5_a1_Type I
Black_Trinity_f1_Hemp,397,Hemp,Black_Trinity_f1_Hemp
Black_Trinity_a1_Hemp,398,Hemp,Black_Trinity_a1_Hemp
Grand_Master_Cheese_a1_Hemp,399,Hemp,Grand_Master_Cheese_a1_Hemp
Black_Trinity_d1_Hemp,400,Hemp,Black_Trinity_d1_Hemp
Black_Trinity_c1_Hemp,401,Hemp,Black_Trinity_c1_Hemp
Blue_dynamite_a1_Hemp,402,Hemp,Blue_dynamite_a1_Hemp
Pink_Champagne_b1_Type I,403,Type I,Pink_Champagne_b1_Type I
Phantom_Cookies_a1_Type I,404,Type I,Phantom_Cookies_a1_Type I
Agent_Orange_x_501OG_b1_Type I,405,Type I,Agent_Orange_x_501OG_b1_Type I
Romulan_Cotton_Candy_a1_Type I,406,Type I,Romulan_Cotton_Candy_a1_Type I
Galakc_Shun_a1_Hemp,407,Hemp,Galakc_Shun_a1_Hemp
Sunset_Sherbert_b1_Type I,408,Type I,Sunset_Sherbert_b1_Type I
Purple_God_Bud_a1_Hemp,409,Hemp,Purple_God_Bud_a1_Hemp
Grape_Ape_a1_Hemp,410,Hemp,Grape_Ape_a1_Hemp
Ripped_Bubba_a1_Type I,411,Type I,Ripped_Bubba_a1_Type I
Star_Trek_a1_Hemp,412,Hemp,Star_Trek_a1_Hemp
CherWillie_Plant_1_a1_Type I,413,Type I,CherWillie_Plant_1_a1_Type I
Peanut_Butter__Jelly_a1_Type I,414,Type I,Peanut_Butter__Jelly_a1_Type I
CherWillie_Plant_2_a1_Hemp,415,Hemp,CherWillie_Plant_2_a1_Hemp
Cherry_Pie_b1_Unknown,416,Unknown,Cherry_Pie_b1_Unknown
Chocolate_Hashberry_a1_Type I,417,Type I,Chocolate_Hashberry_a1_Type I
Faith_a1_Type I,418,Type I,Faith_a1_Type I
Maleficent_Conspiracy_Kush_2_a1_Type I,419,Type I,Maleficent_Conspiracy_Kush_2_a1_Type I
Animal_Cookies_e1_Type I,420,Type I,Animal_Cookies_e1_Type I
GSC_Maybe_a1_Hemp,421,Hemp,GSC_Maybe_a1_Hemp
Purple_Kush_c1_Type I,422,Type I,Purple_Kush_c1_Type I
Puhi_Fog_a1_Unknown,423,Unknown,Puhi_Fog_a1_Unknown
Pre98_Bubba_Kush_a1_Type I,424,Type I,Pre98_Bubba_Kush_a1_Type I
Platinum_Bubba_Kush_a1_Type I,425,Type I,Platinum_Bubba_Kush_a1_Type I
Afghan_Kush_a1_Type I,426,Type I,Afghan_Kush_a1_Type I
Sour_Bubble_4_a1_Type I,427,Type I,Sour_Bubble_4_a1_Type I
Hindu_Kush_a1_Type I,428,Type I,Hindu_Kush_a1_Type I
Northern_Lights_a1_Type I,429,Type I,Northern_Lights_a1_Type I
UW_purple_a1_Type I,430,Type I,UW_purple_a1_Type I
Bubba_Kush_c1_Type I,431,Type I,Bubba_Kush_c1_Type I
LA_Confidential_a1_Type I,432,Type I,LA_Confidential_a1_Type I
Bubba_Kush_b1_Type I,433,Type I,Bubba_Kush_b1_Type I
Black_Berry_Kush_a1_Hemp,434,Hemp,Black_Berry_Kush_a1_Hemp
Blackberry_Kush_a1_Hemp,435,Hemp,Blackberry_Kush_a1_Hemp
Blackberry_GDP_a1_Hemp,436,Hemp,Blackberry_GDP_a1_Hemp
Mendo_Bubba_a1_Hemp,437,Hemp,Mendo_Bubba_a1_Hemp
Obama_Kush_a1_Hemp,438,Hemp,Obama_Kush_a1_Hemp
Peoples_Kush_a1_Hemp,439,Hemp,Peoples_Kush_a1_Hemp
Obama_a1_Hemp,440,Hemp,Obama_a1_Hemp
Cannatonic_d1_Type I,441,Type I,Cannatonic_d1_Type I
Strawberry_a1_Type I,442,Type I,Strawberry_a1_Type I
Pineapple_Kush_a1_Type I,443,Type I,Pineapple_Kush_a1_Type I
619_OG_a1_Type I,444,Type I,619_OG_a1_Type I
Animal_Cookies_b1_Unknown,445,Unknown,Animal_Cookies_b1_Unknown
Fortune_Cookie_a1_Type I,446,Type I,Fortune_Cookie_a1_Type I
Animal_Cookies_a1_Type I,447,Type I,Animal_Cookies_a1_Type I
Cherry_Pie_OG_a1_Type I,448,Type I,Cherry_Pie_OG_a1_Type I
Snow_White_a1_Hemp,449,Hemp,Snow_White_a1_Hemp
MOB_Rhode_Island_Heirloom_a1_Hemp,450,Hemp,MOB_Rhode_Island_Heirloom_a1_Hemp
Azure_Haze_a1_Hemp,451,Hemp,Azure_Haze_a1_Hemp
Ice_wreck_a1_Hemp,452,Hemp,Ice_wreck_a1_Hemp
True_Purple_a1_Hemp,453,Hemp,True_Purple_a1_Hemp
Blue_Dragon_a1_Hemp,454,Hemp,Blue_Dragon_a1_Hemp
Blueberry_Diesel_a1_Hemp,455,Hemp,Blueberry_Diesel_a1_Hemp
Mother_of_Berries_a1_Hemp,456,Hemp,Mother_of_Berries_a1_Hemp
Purple_Mr._Nice_a1_Hemp,457,Hemp,Purple_Mr._Nice_a1_Hemp
Gorilla_Glue_4_a1_Hemp,458,Hemp,Gorilla_Glue_4_a1_Hemp
Black_Ice_9R1_a1_Type I,459,Type I,Black_Ice_9R1_a1_Type I
Whitaker_Blue_a1_Hemp,460,Hemp,Whitaker_Blue_a1_Hemp
Snowland_A_a1_Type I,461,Type I,Snowland_A_a1_Type I
Blotter_f1_Hemp,462,Hemp,Blotter_f1_Hemp
Blotter_b1_Type I,463,Type I,Blotter_b1_Type I
F2_a1_Hemp,464,Hemp,F2_a1_Hemp
Marionberry_Kush_a1_Type I,465,Type I,Marionberry_Kush_a1_Type I
White_Buffalo_a1_Hemp,466,Hemp,White_Buffalo_a1_Hemp
Lily1_a1_Type I,467,Type I,Lily1_a1_Type I
Girl_Scout_Cookie_b1_Hemp,468,Hemp,Girl_Scout_Cookie_b1_Hemp
GSC_Mint_a1_Hemp,469,Hemp,GSC_Mint_a1_Hemp
G.S.C._a1_Hemp,470,Hemp,G.S.C._a1_Hemp
The_Grapes_a1_Type I,471,Type I,The_Grapes_a1_Type I
Cinex_b1_Type I,472,Type I,Cinex_b1_Type I
Afterglow_a1_Type I,473,Type I,Afterglow_a1_Type I
Legend_a1_Type I,474,Type I,Legend_a1_Type I
Jack_Herer_c1_Unknown,475,Unknown,Jack_Herer_c1_Unknown
OG_99_a1_Type I,476,Type I,OG_99_a1_Type I
CinX_a1_Type I,477,Type I,CinX_a1_Type I
Rose_City_Cin_a1_Type I,478,Type I,Rose_City_Cin_a1_Type I
Cinex_c1_Type I,479,Type I,Cinex_c1_Type I
Yummy_a1_Type III,480,Type III,Yummy_a1_Type III
VL_a1_Hemp,481,Hemp,VL_a1_Hemp
Pink_Champagne_a1_Hemp,482,Hemp,Pink_Champagne_a1_Hemp
Kryptonite_a1_Hemp,483,Hemp,Kryptonite_a1_Hemp
Cotton_Candy_Kush_a1_Hemp,484,Hemp,Cotton_Candy_Kush_a1_Hemp
Cherry_Kush_a1_Hemp,485,Hemp,Cherry_Kush_a1_Hemp
F16_a1_Type I,486,Type I,F16_a1_Type I
God_Bud_a1_Hemp,487,Hemp,God_Bud_a1_Hemp
Blotter_a1_Type I,488,Type I,Blotter_a1_Type I
Bright_moments_a1_Type I,489,Type I,Bright_moments_a1_Type I
3x_Crazy_a1_Type I,490,Type I,3x_Crazy_a1_Type I
Jagor_OG_a1_Type I,491,Type I,Jagor_OG_a1_Type I
Purple_Hindu_Kush_a1_Type I,492,Type I,Purple_Hindu_Kush_a1_Type I
OG_Hindu_Jager_Kush_a1_Type I,493,Type I,OG_Hindu_Jager_Kush_a1_Type I
Purple_Afghanistan_a1_Type I,494,Type I,Purple_Afghanistan_a1_Type I
Blotter_d1_Hemp,495,Hemp,Blotter_d1_Hemp
Malawi_x_Super_Skunk_a1_Type I,496,Type I,Malawi_x_Super_Skunk_a1_Type I
Berry_Beard_a1_Type I,497,Type I,Berry_Beard_a1_Type I
Stella_Blue_a1_Hemp,498,Hemp,Stella_Blue_a1_Hemp
Red_Beard_a1_Type I,499,Type I,Red_Beard_a1_Type I
Pineapple_Purple_Berry_a1_Type I,500,Type I,Pineapple_Purple_Berry_a1_Type I
Blotter_c1_Hemp,501,Hemp,Blotter_c1_Hemp
LSD_b1_Hemp,502,Hemp,LSD_b1_Hemp
Cotton_Candy_DL_a1_Hemp,503,Hemp,Cotton_Candy_DL_a1_Hemp
Apple_Kush_a1_Hemp,504,Hemp,Apple_Kush_a1_Hemp
Columbian_x_Super_Skunk_a1_Type I,505,Type I,Columbian_x_Super_Skunk_a1_Type I
Purple_Sour_Diesel_a1_Type I,506,Type I,Purple_Sour_Diesel_a1_Type I
Vanilluna_a1_Hemp,507,Hemp,Vanilluna_a1_Hemp
Royal_Purple_Diesel_a1_Type I,508,Type I,Royal_Purple_Diesel_a1_Type I
Alaskan_Thunder_Fuck_a1_Type I,509,Type I,Alaskan_Thunder_Fuck_a1_Type I
Tangerine_Dream_a1_Hemp,510,Hemp,Tangerine_Dream_a1_Hemp
Root_Beer_Float_f1_Hemp,511,Hemp,Root_Beer_Float_f1_Hemp
Root_Beer_Float_d1_Hemp,512,Hemp,Root_Beer_Float_d1_Hemp
Root_Beer_Float_b1_Hemp,513,Hemp,Root_Beer_Float_b1_Hemp
Root_Beer_Float_a1_Hemp,514,Hemp,Root_Beer_Float_a1_Hemp
Cadillac_Purple_a1_Type I,515,Type I,Cadillac_Purple_a1_Type I
Banana_Kush_a1_Type I,516,Type I,Banana_Kush_a1_Type I
Purple_Urkel_a1_Type I,517,Type I,Purple_Urkel_a1_Type I
Purple_Urkle_c1_Type I,518,Type I,Purple_Urkle_c1_Type I
UW_Purple_Kush_a1_Type I,519,Type I,UW_Purple_Kush_a1_Type I
Grand_Daddy_Purple_b1_Type I,520,Type I,Grand_Daddy_Purple_b1_Type I
Grape_Ape_b1_Type I,521,Type I,Grape_Ape_b1_Type I
Grand_Daddy_Purple_a1_Type I,522,Type I,Grand_Daddy_Purple_a1_Type I
Gods_Gift_c1_Type I,523,Type I,Gods_Gift_c1_Type I
Purple_Alien_OG_a1_Type I,524,Type I,Purple_Alien_OG_a1_Type I
Purple_Cadillac_a1_Unknown,525,Unknown,Purple_Cadillac_a1_Unknown
Gods_Gift_a1_Unknown,526,Unknown,Gods_Gift_a1_Unknown
Purple_Kush_b1_Type I,527,Type I,Purple_Kush_b1_Type I
Purple_Urkle_b1_Type I,528,Type I,Purple_Urkle_b1_Type I
Lavender_c1_Type I,529,Type I,Lavender_c1_Type I
Juicy_Fruit_a1_Type I,530,Type I,Juicy_Fruit_a1_Type I
Bobs_GDP_a1_Type I,531,Type I,Bobs_GDP_a1_Type I
Gods_Gift_b1_Type I,532,Type I,Gods_Gift_b1_Type I
Purple_Kush_a1_Type I,533,Type I,Purple_Kush_a1_Type I
Juanita_Dogramosa_a1_Type I,534,Type II,Juanita_Dogramosa_a1_Type II
Blue_Magoo_b1_Type I,535,Type I,Blue_Magoo_b1_Type I
Blue_Magoo_a1_Type I,536,Type I,Blue_Magoo_a1_Type I
Panda_Cookies_a1_Type I,537,Type I,Panda_Cookies_a1_Type I
Platinum_Cookies_a1_Type I,538,Type I,Platinum_Cookies_a1_Type I
Cookies_b1_Unknown,539,Unknown,Cookies_b1_Unknown
Kandy_Land_a1_Type I,540,Type I,Kandy_Land_a1_Type I
Platinum_OG_Cookies_a1_Type I,541,Type I,Platinum_OG_Cookies_a1_Type I
Forum_Cut_Cookies_a1_Type I,542,Type I,Forum_Cut_Cookies_a1_Type I
GSC_a1_Type I,543,Type I,GSC_a1_Type I
Girl_Scout_Cookie_a1_Type I,544,Type I,Girl_Scout_Cookie_a1_Type I
Sunset_Sherbert_a1_Type I,545,Type I,Sunset_Sherbert_a1_Type I
Platinum_Cookies_b1_Type I,546,Type I,Platinum_Cookies_b1_Type I
Animal_Cookies_d1_Type I,547,Type I,Animal_Cookies_d1_Type I
Amethyst_a1_Type I,548,Type I,Amethyst_a1_Type I
Silver_Tip_a1_Type I,549,Type I,Silver_Tip_a1_Type I
Bubba_GDP_a1_Type I,550,Type I,Bubba_GDP_a1_Type I
Girl_Scout_Cookies_c1_Type I,551,Type I,Girl_Scout_Cookies_c1_Type I
Kracken_a1_Type I,552,Type I,Kracken_a1_Type I
Cherry_Cola_a1_Hemp,553,Hemp,Cherry_Cola_a1_Hemp
Sour_Diesel_f1_Type I,554,Type I,Sour_Diesel_f1_Type I
Sour_Diesel_l1_Type I,555,Type I,Sour_Diesel_l1_Type I
Sour_Diesel_a1_Type I,556,Type I,Sour_Diesel_a1_Type I
Sour_Diesel_d1_Type I,557,Type I,Sour_Diesel_d1_Type I
Sour_Diesel_j1_Type I,558,Type I,Sour_Diesel_j1_Type I
Sour_Diesel_c1_Type I,559,Type I,Sour_Diesel_c1_Type I
Platinum_Headband_a1_Type I,560,Type I,Platinum_Headband_a1_Type I
Headband_a1_Type I,561,Type I,Headband_a1_Type I
East_Coast_Sour_Diesel_a1_Type I,562,Type I,East_Coast_Sour_Diesel_a1_Type I
NYCD_a1_Type I,563,Type I,NYCD_a1_Type I
Sour_Diesel_g1_Type I,564,Type I,Sour_Diesel_g1_Type I
Sour_Diesel_n1_Type I,565,Type I,Sour_Diesel_n1_Type I
AJ_Sour_Diesel_a1_Type I,566,Type I,AJ_Sour_Diesel_a1_Type I
Sour_Diesel_k1_Type I,567,Type I,Sour_Diesel_k1_Type I
Sour_Diesel_m1_Type I,568,Type I,Sour_Diesel_m1_Type I
Twilight_a1_Type I,569,Type I,Twilight_a1_Type I
Headband_c1_Type I,570,Type I,Headband_c1_Type I
Chemdawg_special_reserve_a1_Type I,571,Type I,Chemdawg_special_reserve_a1_Type I
Chem_Dawg_Special_Reserve_a1_Unknown,572,Unknown,Chem_Dawg_Special_Reserve_a1_Unknown
White_Ribbon_a1_Type I,573,Type I,White_Ribbon_a1_Type I
Pineapple_Chunk_a1_Type I,574,Type I,Pineapple_Chunk_a1_Type I
LSD_a1_Type I,575,Type I,LSD_a1_Type I
Tangie_b1_Type I,576,Type I,Tangie_b1_Type I
Kauai_Aloha_a1_Type I,577,Type I,Kauai_Aloha_a1_Type I
Candy_Cheese_a1_Type I,578,Type I,Candy_Cheese_a1_Type I
Super_Lemon_Haze_c1_Type I,579,Type I,Super_Lemon_Haze_c1_Type I
Lemon_Jack_a1_Type I,580,Type I,Lemon_Jack_a1_Type I
Super_Lemon_Haze_a1_Type I,581,Type I,Super_Lemon_Haze_a1_Type I
Jacks_Cheese_a1_Type I,582,Type I,Jacks_Cheese_a1_Type I
AC_DC_d1_Unknown,583,Unknown,AC_DC_d1_Unknown
Apollo_13_a1_Type I,584,Type I,Apollo_13_a1_Type I
Lambs_Bread_a1_Type I,585,Type I,Lambs_Bread_a1_Type I
Super_Silver_Haze_a1_Type I,586,Type I,Super_Silver_Haze_a1_Type I
Kush_a1_Type I,587,Type I,Kush_a1_Type I
Jack_the_Ripper_4_a1_Type I,588,Type I,Jack_the_Ripper_4_a1_Type I
Brain_Freeze_a1_Type I,589,Type I,Brain_Freeze_a1_Type I
Tangie_a1_Type I,590,Type I,Tangie_a1_Type I
Cinex_a1_Type I,591,Type I,Cinex_a1_Type I
Strawberry_Cough_b1_Type I,592,Type I,Strawberry_Cough_b1_Type I
The_L_Word_a1_Type I,593,Type I,The_L_Word_a1_Type I
Critical_Mass_a1_Type III,594,Type III,Critical_Mass_a1_Type III
Strawberry_Ice_a1_Type I,595,Type I,Strawberry_Ice_a1_Type I
Bogota_Breeze_a1_Type I,596,Type I,Bogota_Breeze_a1_Type I
UK_Cheese_a1_Type I,597,Type I,UK_Cheese_a1_Type I
Summit_Sweet_Skunk_a1_Type I,598,Type I,Summit_Sweet_Skunk_a1_Type I
Fuku_1_a1_Type I,599,Type I,Fuku_1_a1_Type I
Agent_Orange_c1_Type I,600,Type I,Agent_Orange_c1_Type I
Trinity_Blueberry_a1_Type I,601,Type I,Trinity_Blueberry_a1_Type I
UW_a1_Type I,602,Type I,UW_a1_Type I
Ace_of_Spades_c1_Type I,603,Type I,Ace_of_Spades_c1_Type I
Black_Cherry_Soda_a1_Type I,604,Type I,Black_Cherry_Soda_a1_Type I
Pandoras_Box_a1_Type I,605,Type I,Pandoras_Box_a1_Type I
Space_Candy_b1_Type I,606,Type I,Space_Candy_b1_Type I
PitBull_a1_Hemp,607,Hemp,PitBull_a1_Hemp
Pit_Bull_a1_Hemp,608,Hemp,Pit_Bull_a1_Hemp
CRex_a1_Hemp,609,Hemp,CRex_a1_Hemp
Nuken_a1_Type I,610,Type I,Nuken_a1_Type I
2_Pheno_KFx2_a1_Type I,611,Type I,2_Pheno_KFx2_a1_Type I
Golden_Geek_a1_Landrace,612,Landrace,Golden_Geek_a1_Landrace
Omega_Dawg_b1_Type I,613,Type I,Omega_Dawg_b1_Type I
BigBud_x_White_Widow_a1_Type I,614,Type I,BigBud_x_White_Widow_a1_Type I
Original_Diesel_a1_Type I,615,Type I,Original_Diesel_a1_Type I
Sour_Diesel_b1_Type I,616,Type I,Sour_Diesel_b1_Type I
Strawberry_Sour_Diesel_a1_Type I,617,Type I,Strawberry_Sour_Diesel_a1_Type I
Trainwreck_C_a1_Type I,618,Type I,Trainwreck_C_a1_Type I
Tangerine_Haze_a1_Type I,619,Type I,Tangerine_Haze_a1_Type I
Trainwreck_B_a1_Type I,620,Type I,Trainwreck_B_a1_Type I
Diablo_OG_a1_Type I,621,Type I,Diablo_OG_a1_Type I
Kaboom_a1_Type I,622,Type I,Kaboom_a1_Type I
Super_Lemon_Haze_b1_Type I,623,Type I,Super_Lemon_Haze_b1_Type I
Canuvo_God_Bud_0_a1_Type I,624,Type I,Canuvo_God_Bud_0_a1_Type I
P91_a1_Hemp,625,Hemp,P91_a1_Hemp
Summit_Star_a1_Type I,626,Type I,Summit_Star_a1_Type I
Cannatonic_c1_Type I,627,Type I,Cannatonic_c1_Type I
Tangie_C_a1_Type I,628,Type I,Tangie_C_a1_Type I
Tangie_A_a1_Type I,629,Type I,Tangie_A_a1_Type I
Galactic_Jack_a1_Type I,630,Type I,Galactic_Jack_a1_Type I
UKAW_2_a1_Type I,631,Type I,UKAW_2_a1_Type I
OG_Chem_a1_Type I,632,Type I,OG_Chem_a1_Type I
Skywalker_OG_a1_Type I,633,Type I,Skywalker_OG_a1_Type I
Chem_Dawg_4_a1_Type I,634,Type I,Chem_Dawg_4_a1_Type I
Sour_Diesel_e1_Type I,635,Type I,Sour_Diesel_e1_Type I
Chemdawg_1.0_a1_Type I,636,Type I,Chemdawg_1.0_a1_Type I
Electric_Lemonade_a1_Type I,637,Type I,Electric_Lemonade_a1_Type I
Chem_D_a1_Type I,638,Type I,Chem_D_a1_Type I
Kepler_22B_Kush_a1_Type I,639,Type I,Kepler_22B_Kush_a1_Type I
Tanzanian_C_a1_Type I,640,Type I,Tanzanian_C_a1_Type I
Louie_13_a1_Type I,641,Type I,Louie_13_a1_Type I
3_Pheno_a1_Type I,642,Type I,3_Pheno_a1_Type I
KWGS_a1_Type I,643,Type I,KWGS_a1_Type I
OG_Kush_a1_Type I,644,Type I,OG_Kush_a1_Type I
Trainwreck_A_a1_Type I,645,Type I,Trainwreck_A_a1_Type I
Sour_Queen_a1_Type I,646,Type I,Sour_Queen_a1_Type I
White_Cashmere_a1_Type I,647,Type I,White_Cashmere_a1_Type I
Lemon_Skunk_a1_Type I,648,Type I,Lemon_Skunk_a1_Type I
Lemon_Diesel_a1_Type I,649,Type I,Lemon_Diesel_a1_Type I
Frisco_OG_a1_Type I,650,Type I,Frisco_OG_a1_Type I
Kauai_PG_a1_Type I,651,Type I,Kauai_PG_a1_Type I
Wombat_a1_Type I,652,Type I,Wombat_a1_Type I
613_x_JH_a1_Type I,653,Type I,613_x_JH_a1_Type I
NYC_Diesel_01_a1_Type I,654,Type I,NYC_Diesel_01_a1_Type I
Dream_Queen_c1_Type I,655,Type I,Dream_Queen_c1_Type I
Purple_Crack_a1_Type I,656,Type I,Purple_Crack_a1_Type I
Durban_Poison_d1_Type I,657,Type I,Durban_Poison_d1_Type I
Dream_Queen_a1_Type I,658,Type I,Dream_Queen_a1_Type I
Green_Crack_a1_Type I,659,Type I,Green_Crack_a1_Type I
Medicine_Man_a1_Type III,660,Type III,Medicine_Man_a1_Type III
Strawberry_Cough_c1_Unknown,661,Unknown,Strawberry_Cough_c1_Unknown
Dream_Queen_b1_Type I,662,Type I,Dream_Queen_b1_Type I
Durban_Poison_f1_Type I,663,Type I,Durban_Poison_f1_Type I
Dream_Queen_d1_Type I,664,Type I,Dream_Queen_d1_Type I
UKAW_1_a1_Type I,665,Type I,UKAW_1_a1_Type I
Albert_Walker_a1_Type I,666,Type I,Albert_Walker_a1_Type I
Jack_Herer_d1_Type I,667,Type I,Jack_Herer_d1_Type I
Jack_Herer_e1_Type I,668,Type I,Jack_Herer_e1_Type I
Jack_Flash_a1_Type I,669,Type I,Jack_Flash_a1_Type I
Jack_Herer_b1_Type I,670,Type I,Jack_Herer_b1_Type I
Jack_OneJ1_a1_Type I,671,Type I,Jack_OneJ1_a1_Type I
Candy_Jack_a1_Type I,672,Type I,Candy_Jack_a1_Type I
Premium_Jack_b1_Type I,673,Type I,Premium_Jack_b1_Type I
Jack_Frost_a1_Type I,674,Type I,Jack_Frost_a1_Type I
XJB_a1_Type I,675,Type I,XJB_a1_Type I
Premium_Jack_a1_Type I,676,Type I,Premium_Jack_a1_Type I
Larrys_Dream_a1_Type I,677,Type I,Larrys_Dream_a1_Type I
Sour_Sage_a1_Type I,678,Type I,Sour_Sage_a1_Type I
Unclebuds_J1_a1_Type I,679,Type I,Unclebuds_J1_a1_Type I
Green_Corn_a1_Type I,680,Type I,Green_Corn_a1_Type I
Ingrid_a1_Type I,681,Type I,Ingrid_a1_Type I
Ingrid_b1_Unknown,682,Unknown,Ingrid_b1_Unknown
Strawberry_Cough_a1_Type I,683,Type I,Strawberry_Cough_a1_Type I
SSH_x_SuperBill_x_SSH_a1_Type I,684,Type I,SSH_x_SuperBill_x_SSH_a1_Type I
Hippie_Crippler_b1_Type I,685,Type I,Hippie_Crippler_b1_Type I
Oregon_Pineapple_a1_Type I,686,Type I,Oregon_Pineapple_a1_Type I
Charlottes_Web_c1_Type I,687,Type I,Charlottes_Web_c1_Type I
Panama_b1_Landrace,688,Landrace,Panama_b1_Landrace
Durban_Poison_b1_Type I,689,Type I,Durban_Poison_b1_Type I
Durban_Poison_e1_Type I,690,Type I,Durban_Poison_e1_Type I
Tuffalo_Durban_a1_Type I,691,Type I,Tuffalo_Durban_a1_Type I
Shark_Shock_a1_Type III,692,Type III,Shark_Shock_a1_Type III
Casey_Jones_a1_Type I,693,Type I,Casey_Jones_a1_Type I
Afgoo_e1_Type I,694,Type I,Afgoo_e1_Type I
Ginger_Kid_a1_Type I,695,Type I,Ginger_Kid_a1_Type I
Dutch_Treat_b1_Type I,696,Type I,Dutch_Treat_b1_Type I
Dutch_Treat_a1_Type I,697,Type I,Dutch_Treat_a1_Type I
Blue_Dream_h1_Type I,698,Type I,Blue_Dream_h1_Type I
Uzbekistan_P4_a1_Type I,699,Type I,Uzbekistan_P4_a1_Type I
Champagne_X_a1_Type I,700,Type I,Champagne_X_a1_Type I
Uzbekistan_P5_a1_Type I,701,Type I,Uzbekistan_P5_a1_Type I
Platinum_GirlScout_Cookies_a1_Type I,702,Type I,Platinum_GirlScout_Cookies_a1_Type I
Cinex_x_501OG_c1_Type I,703,Type I,Cinex_x_501OG_c1_Type I
Humboldt_OG_b1_Unknown,704,Unknown,Humboldt_OG_b1_Unknown
Humboldt_OG_a1_Type I,705,Type I,Humboldt_OG_a1_Type I
Sunshine_daydream_a1_Type I,706,Type I,Sunshine_daydream_a1_Type I
Pakistan_Chitral_a1_Hemp,707,Hemp,Pakistan_Chitral_a1_Hemp
Malawi_d1_Landrace,708,Landrace,Malawi_d1_Landrace
Ghost_a1_Type I,709,Type I,Ghost_a1_Type I
OGK_x_Tangerine_a1_Type I,710,Type I,OGK_x_Tangerine_a1_Type I
Tangerine_Tahoe_a1_Type I,711,Type I,Tangerine_Tahoe_a1_Type I
Big_City_Lights_a1_Type I,712,Type I,Big_City_Lights_a1_Type I
Panda_OG_a1_Type I,713,Type I,Panda_OG_a1_Type I
Blue_Dynamite_a1_1_Hemp,714,Hemp,Blue_Dynamite_a1_1_Hemp
Hapa_Huli_a1_Type I,715,Type I,Hapa_Huli_a1_Type I
Sour_Diesel_i1_Hemp,716,Hemp,Sour_Diesel_i1_Hemp
Munkey_a1_Hemp,717,Hemp,Munkey_a1_Hemp
Blue_Dream_b1_Type I,718,Type I,Blue_Dream_b1_Type I
Columbian_Gold_a1_Hemp,719,Hemp,Columbian_Gold_a1_Hemp
Lemon_GPG_Kush_a1_Unknown,720,Unknown,Lemon_GPG_Kush_a1_Unknown
Kauai_a1_Unknown,721,Unknown,Kauai_a1_Unknown
Super_Sour_Diesel_a1_Type I,722,Type I,Super_Sour_Diesel_a1_Type I
Root_Beer_Float_c1_Hemp,723,Hemp,Root_Beer_Float_c1_Hemp
Root_Beer_Float_e1_Unknown,724,Unknown,Root_Beer_Float_e1_Unknown
Kings_Randsome_a1_Type I,725,Type I,Kings_Randsome_a1_Type I
Crippled_Rhino_a1_Hemp,726,Hemp,Crippled_Rhino_a1_Hemp
Sugar_Plum_a1_Hemp,727,Hemp,Sugar_Plum_a1_Hemp
White_Afghan_a1_Type I,728,Type I,White_Afghan_a1_Type I
Chocolate_Heaven_A_a1_Type I,729,Type I,Chocolate_Heaven_A_a1_Type I
Sage_a1_Type I,730,Type I,Sage_a1_Type I
Princess_Leia_a1_Type I,731,Type I,Princess_Leia_a1_Type I
Exodus_Kush_a1_Type I,732,Type I,Exodus_Kush_a1_Type I
Afghan_1_10_a1_Type I,733,Type I,Afghan_1_10_a1_Type I
MedFlight_a1_Type III,734,Type III,MedFlight_a1_Type III
Soldier_2005_a1_Hemp,735,Hemp,Soldier_2005_a1_Hemp
Beaver_Dog_a1_Type I,736,Type II,Beaver_Dog_a1_Type II
Fuku_4_a1_Type I,737,Type I,Fuku_4_a1_Type I
Charlottes_Web_b1_Type I,738,Type I,Charlottes_Web_b1_Type I
Caramelicious_a1_Type I,739,Type I,Caramelicious_a1_Type I
Sour_Chelumbian_a1_Type I,740,Type I,Sour_Chelumbian_a1_Type I
Trident_a1_Type I,741,Type I,Trident_a1_Type I
Private_Reserve_OG_a1_Type I,742,Type I,Private_Reserve_OG_a1_Type I
Ogv_Kush_a1_Type I,743,Type I,Ogv_Kush_a1_Type I
XXX_a1_Type I,744,Type I,XXX_a1_Type I
SFU_OG_Kush_a1_Type I,745,Type I,SFU_OG_Kush_a1_Type I
Headband_d1_Type I,746,Type I,Headband_d1_Type I
FOG_b1_Unknown,747,Unknown,FOG_b1_Unknown
Hitman_OG_a1_Type I,748,Type I,Hitman_OG_a1_Type I
Platinum_OG_a1_Type I,749,Type I,Platinum_OG_a1_Type I
Miyagi_a1_Type I,750,Type I,Miyagi_a1_Type I
Kush_Co._OG_Kush_a1_Type I,751,Type I,Kush_Co._OG_Kush_a1_Type I
Platinum_OG_Kush_a1_Type I,752,Type I,Platinum_OG_Kush_a1_Type I
Darkheart_2_a1_Type I,753,Type I,Darkheart_2_a1_Type I
FloRida_a1_Type I,754,Type I,FloRida_a1_Type I
Alcatraz_OG_a1_Type I,755,Type I,Alcatraz_OG_a1_Type I
Inner_Chi_a1_Type I,756,Type I,Inner_Chi_a1_Type I
Temple_OG_a1_Type I,757,Type I,Temple_OG_a1_Type I
White_Fire_a1_Type I,758,Type I,White_Fire_a1_Type I
SFV_a1_Type I,759,Type I,SFV_a1_Type I
Platinum_OG_b1_Type I,760,Type I,Platinum_OG_b1_Type I
Earth_Shaker_OG_a1_Type I,761,Type I,Earth_Shaker_OG_a1_Type I
Fire_Out_a1_Type I,762,Type I,Fire_Out_a1_Type I
White_Fire_b1_Type I,763,Type I,White_Fire_b1_Type I
Larry_OG_a1_Type I,764,Type I,Larry_OG_a1_Type I
FOG_a1_Unknown,765,Unknown,FOG_a1_Unknown
Darkheart_3_a1_Type I,766,Type I,Darkheart_3_a1_Type I
Tahoe_OG_a1_Type I,767,Type I,Tahoe_OG_a1_Type I
Lee_Roy_OG_a1_Type I,768,Type I,Lee_Roy_OG_a1_Type I
The_White_a1_Type I,769,Type I,The_White_a1_Type I
Tickle_Kush_a1_Type I,770,Type I,Tickle_Kush_a1_Type I
Dog_Walker_a1_Type I,771,Type I,Dog_Walker_a1_Type I
Dogwalker_a1_Type I,772,Type I,Dogwalker_a1_Type I
Dogwalker_OG_a1_Type I,773,Type I,Dogwalker_OG_a1_Type I
Dog_Walker_b1_Type I,774,Type I,Dog_Walker_b1_Type I
Dead_Head_OG_b1_Type I,775,Type I,Dead_Head_OG_b1_Type I
Jesus_OG_b1_Type I,776,Type I,Jesus_OG_b1_Type I
Jesus_OG_a1_Unknown,777,Unknown,Jesus_OG_a1_Unknown
White_Widow_a1_Type I,778,Type I,White_Widow_a1_Type I
The_Star_a1_Type I,779,Type I,The_Star_a1_Type I
Lands_End_a1_Type I,780,Type I,Lands_End_a1_Type I
Ghost_Dog_a1_Type I,781,Type I,Ghost_Dog_a1_Type I
White_Fire_A_a1_Type I,782,Type I,White_Fire_A_a1_Type I
OG_Kush_b1_Type I,783,Type I,OG_Kush_b1_Type I
WiFi_OG_a1_Type I,784,Type I,WiFi_OG_a1_Type I
6_Pheno_a1_Type I,785,Type I,6_Pheno_a1_Type I
Venice_OG_a1_Type I,786,Type I,Venice_OG_a1_Type I
Skywalker_Kush_a1_Type I,787,Type I,Skywalker_Kush_a1_Type I
Gorilla_Glue_4_e1_Type I,788,Type I,Gorilla_Glue_4_e1_Type I
Gorilla_Glue_4_b1_Type I,789,Type I,Gorilla_Glue_4_b1_Type I
Gorilla_Glue_4_g1_Type I,790,Type I,Gorilla_Glue_4_g1_Type I
Gorilla_Glue_4_c1_Type I,791,Type I,Gorilla_Glue_4_c1_Type I
Bubba_Kush_Indoor_a1_Type I,792,Type I,Bubba_Kush_Indoor_a1_Type I
Bubba_Kush_a1_Type I,793,Type I,Bubba_Kush_a1_Type I
Black_Water_g1_Type I,794,Type I,Black_Water_g1_Type I
Oaksterdam_OG_a1_Type I,795,Type I,Oaksterdam_OG_a1_Type I
Royal_Rose_Kush_a1_Type I,796,Type I,Royal_Rose_Kush_a1_Type I
Critical_Purple_Kush_a1_Type I,797,Type I,Critical_Purple_Kush_a1_Type I
Headband_b1_Type I,798,Type I,Headband_b1_Type I
Kashmir_Kush_b1_Type I,799,Type I,Kashmir_Kush_b1_Type I
Kashmir_Kush_a1_Type I,800,Type I,Kashmir_Kush_a1_Type I
LA_Confidential_b1_Type I,801,Type I,LA_Confidential_b1_Type I
Cataract_Kush_a1_Type I,802,Type I,Cataract_Kush_a1_Type I
Cinex_x_501OG_b1_Type I,803,Type I,Cinex_x_501OG_b1_Type I
Alien_Daug_a1_Type I,804,Type I,Alien_Daug_a1_Type I
Chem_4_a1_Type I,805,Type I,Chem_4_a1_Type I
Chem_7_a1_Type I,806,Type I,Chem_7_a1_Type I
Super_Lemon_OG_a1_Type I,807,Type I,Super_Lemon_OG_a1_Type I
Old_Mendo_Haze_a1_Type I,808,Type I,Old_Mendo_Haze_a1_Type I
Violet_a1_Type I,809,Type I,Violet_a1_Type I
Wedding_Cake_a1_Type I,810,Type I,Wedding_Cake_a1_Type I
Cherry_Cheesecake_a1_Type I,811,Type I,Cherry_Cheesecake_a1_Type I
Key_Lime_Pie_a1_Type I,812,Type I,Key_Lime_Pie_a1_Type I
Sherbert_a1_Type I,813,Type I,Sherbert_a1_Type I
Cinex_x_501OG_a1_Type I,814,Type I,Cinex_x_501OG_a1_Type I
Gogi_Glue_d1_Type I,815,Type I,Gogi_Glue_d1_Type I
Xmas_Cookies_a1_Type I,816,Type I,Xmas_Cookies_a1_Type I
Cinex_x_501OG_d1_Type I,817,Type I,Cinex_x_501OG_d1_Type I
Gorilla_Glue_4_d1_Type I,818,Type I,Gorilla_Glue_4_d1_Type I
Cinex_x_501OG_e1_Type I,819,Type I,Cinex_x_501OG_e1_Type I
White_CC9_a1_Type I,820,Type I,White_CC9_a1_Type I
ADAK_a1_Type I,821,Type I,ADAK_a1_Type I
MCOG_a1_Type I,822,Type I,MCOG_a1_Type I
Chem_91_a1_Type I,823,Type I,Chem_91_a1_Type I
White_Fire_Alien_a1_Type I,824,Type I,White_Fire_Alien_a1_Type I
White_Fire_Alien_OG_a1_Type I,825,Type I,White_Fire_Alien_OG_a1_Type I
Tangerine_OG_a1_Type I,826,Type I,Tangerine_OG_a1_Type I
Hell_Hound_a1_Type I,827,Type I,Hell_Hound_a1_Type I
Blackberry_Headband_a1_Type I,828,Type I,Blackberry_Headband_a1_Type I
Ace_of_Spades_a1_Type I,829,Type I,Ace_of_Spades_a1_Type I
Animal_Cookies_c1_Type I,830,Type I,Animal_Cookies_c1_Type I
P91_b1_Hemp,831,Hemp,P91_b1_Hemp
Sanoma_Coma_a1_Type I,832,Type I,Sanoma_Coma_a1_Type I
Star_Fighter_F2_a1_Type I,833,Type I,Star_Fighter_F2_a1_Type I
Berry_Gumboldt_Pollen_a1_Type I,834,Type I,Berry_Gumboldt_Pollen_a1_Type I
Chemdawg_a1_Type I,835,Type I,Chemdawg_a1_Type I
Chemdawg_Hybrid_a1_Type I,836,Type I,Chemdawg_Hybrid_a1_Type I
Agent_Orange_x_501OG_e1_Type I,837,Type I,Agent_Orange_x_501OG_e1_Type I
Dead_Head_OG_a1_Type I,838,Type I,Dead_Head_OG_a1_Type I
Sour_Flower_a1_Type I,839,Type I,Sour_Flower_a1_Type I
Darkheart_1_a1_Type I,840,Type I,Darkheart_1_a1_Type I
Agent_Orange_x_501OG_a1_Type I,841,Type I,Agent_Orange_x_501OG_a1_Type I
Agent_Orange_x_501OG_d1_Type I,842,Type I,Agent_Orange_x_501OG_d1_Type I
Gorilla_Glue_4_h1_Type I,843,Type I,Gorilla_Glue_4_h1_Type I
Gorilla_Glue_4_f1_Type I,844,Type I,Gorilla_Glue_4_f1_Type I
Omega_Dawg_a1_Type,845,Type I,Omega_Dawg_a1_Type I